INLINE NewClassTable,Name,Description,ID,Default Class Promoted From/To,Standing Map Anims,Move Speed,Generic Mug,N/A,HP,Atk,Skl,Spd,Def,Res,Con,Mov,HP Cap,Atk Cap,Skl Cap,Spd Cap,Def Cap,Res Cap,Con Cap,Lck,HP Growth,Atk Growth,Skl Growth,Spd Growth,Def Growth,Res Growth,Luck Growth,HP Promo Gain,Atk Promo Gain,Skl Promo Gain,Spd Promo Gain,Def Promo Gain,Res Promo Gain,CharClassAbility,Sword,Lance,Axe,Bow,Staff,Anima,Light,Dark,Battle Anims,Move Costs,Rain Move Costs,Snow Move Costs,Avo Bonus,Def Bonus,Res Bonus,Class Type
None,0x0,0x0,0x0,0x0,0x0,0x0,0x0,0x0,0,0,0,0,0,0,0,0,0,0,0,0,0,0,0,0,0,0,0,0,0,37,0,37,0,0,65,0,0,0x1000002,NoRank,NoRank,NoRank,NoRank,NoRank,NoRank,NoRank,NoRank,0x1f,0x0,0x231e143c,0x190f0f,0x0,0x0,0x0,0x0
Cavalier (A),0x2c1,CavalierDesc,0x1,Paladin_LA,CavAxeStandID,0x0,CavalierAxeClassCard,0x1,24,7,7,6,4,0,10,8,60,20,20,20,15,15,20,4,70,45,50,45,30,15,35,0,0,0,0,0,0,MountedAid|HasCanto|HorseIcon,NoRank,NoRank,ERank,NoRank,NoRank,NoRank,NoRank,NoRank,CavalierAnims,CavalryMovementCost,CavalryMovementCost,CavalryMovementCost,TerrainAvoid,TerrainDefence,0x880c4fb,HorseType
Survivor,SurvivorName,SurvivorDesc,0x2,Vagabond,SurvivorStandID,0x0,0x8b,0x1,23,6,9,8,3,0,8,6,60,20,20,20,15,15,20,7,0,0,0,0,0,0,0,0,0,0,0,0,1,IsLord|UnlockEirika,ERank,NoRank,NoRank,NoRank,NoRank,NoRank,NoRank,NoRank,SurvivorAnims,InfantryMovementCost,InfantryMovementCost,InfantryMovementCost,TerrainAvoid,TerrainDefence,0x880c4fb,0x0
Paladin (SA),0x2c2,PaladinDesc,0x3,Cavalier_S,PaladinSwordStandID,0x0,PaladinSwordClassCard,0x21,27,9,9,8,7,3,11,9,80,30,30,30,25,25,25,6,70,45,50,45,30,15,35,1,1,1,1,1,1,MountedAid|HasCanto|HorseIcon|IsPromoted,DRank,NoRank,DRank,NoRank,NoRank,NoRank,NoRank,NoRank,0x88af028,CavalryMovementCost,CavalryMovementCost,CavalryMovementCost,TerrainAvoid,TerrainDefence,0x880c4fb,HorseType
Vagabond,VagabondName,VagabondDesc,0x4,Survivor,0x3,0x0,0x8b,0x2,26,8,10,10,8,4,9,7,80,30,30,30,25,25,25,9,0,0,0,0,0,0,0,1,1,1,1,1,1,IsPromoted|UnlockEirika|IsLord,DRank,NoRank,NoRank,DRank,NoRank,NoRank,NoRank,NoRank,0x88aeffc,InfantryMovementCost,InfantryMovementCost,InfantryMovementCost,TerrainAvoid,TerrainDefence,0x880c4fb,0x0
Cavalier (L),0x2c1,CavalierDesc,0x5,Paladin_SL,CavLanceStandID,0x0,0x80,0x20,24,7,7,6,4,0,10,8,60,20,20,20,15,15,20,4,70,45,50,45,30,15,35,0,0,0,0,0,0,MountedAid|HasCanto|HorseIcon,NoRank,ERank,NoRank,NoRank,NoRank,NoRank,NoRank,NoRank,CavalierAnims,CavalryMovementCost,CavalryMovementCost,CavalryMovementCost,TerrainAvoid,TerrainDefence,0x880c4fb,HorseType
Cavalier (S),0x2c1,CavalierDesc,0x6,Paladin_SL,CavSwordStandID,0x0,CavalierSwordClassCard,0x20,24,7,7,6,4,0,10,8,60,20,20,20,15,15,20,4,70,45,50,45,30,15,35,0,0,0,0,0,0,MountedAid|HasCanto|HorseIcon,ERank,NoRank,NoRank,NoRank,NoRank,NoRank,NoRank,NoRank,CavalierAnims,CavalryMovementCost,CavalryMovementCost,CavalryMovementCost,TerrainAvoid,TerrainDefence,0x880c4fb,HorseType
Paladin (SL),0x2c2,PaladinDesc,0x7,Cavalier_L,0x5,0x0,0x81,0x21,27,9,9,8,7,3,11,9,80,30,30,30,25,25,25,6,70,45,50,45,30,15,35,1,1,1,1,1,1,MountedAid|HasCanto|HorseIcon|IsPromoted,DRank,DRank,NoRank,NoRank,NoRank,NoRank,NoRank,NoRank,0x88af028,CavalryMovementCost,CavalryMovementCost,CavalryMovementCost,TerrainAvoid,TerrainDefence,0x880c4fb,HorseType
Paladin (LA),0x2c2,PaladinDesc,0x8,Cavalier_L,PaladinAxeStandID,0x0,PaladinAxeClassCard,0x21,27,9,9,8,7,3,11,9,80,30,30,30,25,25,25,6,70,45,50,45,30,15,35,1,1,1,1,1,1,MountedAid|HasCanto|HorseIcon|IsPromoted,NoRank,DRank,DRank,NoRank,NoRank,NoRank,NoRank,NoRank,0x88af028,CavalryMovementCost,CavalryMovementCost,CavalryMovementCost,TerrainAvoid,TerrainDefence,0x880c4fb,HorseType
Knight (L),0x2c3,KnightDesc,0x9,General,KnightLanceStandID,0x1,0x76,0xc,29,9,4,2,11,4,14,5,60,20,20,15,25,15,20,4,90,55,35,20,60,30,35,0,0,0,0,0,0,0x0,NoRank,ERank,NoRank,NoRank,NoRank,NoRank,NoRank,NoRank,KnightAnims,ArmourMovementCost,ArmourMovementCost,ArmourMovementCost,TerrainAvoid,TerrainDefence,0x880c4fb,ArmorType
Knight (S),0x2c3,KnightDesc,0xa,General,KnightSwordStandID,0x1,KnightSwordClassCard,0xc,29,9,4,2,11,4,14,5,60,20,20,15,25,15,20,4,90,55,35,20,60,30,35,0,0,0,0,0,0,0x0,ERank,NoRank,NoRank,NoRank,NoRank,NoRank,NoRank,NoRank,KnightAnims,ArmourMovementCost,ArmourMovementCost,ArmourMovementCost,TerrainAvoid,TerrainDefence,0x880c4fb,ArmorType
General,0x2c4,GeneralDesc,0xb,Knight_L,0x7,0x1,0x77,0xd,34,11,7,6,14,6,15,6,80,30,30,25,35,25,25,6,90,55,35,20,60,30,35,1,1,1,1,1,1,IsPromoted,DRankPlus,DRankPlus,DRankPlus,DRankPlus,NoRank,NoRank,NoRank,NoRank,0x88af060,ArmourMovementCost,ArmourMovementCost,ArmourMovementCost,TerrainAvoid,TerrainDefence,0x880c4fb,ArmorType
Knight (A),0x2c3,KnightDesc,0xc,General,KnightAxeStandID,0x1,KnightAxeClassCard,0xd,29,9,4,2,11,4,14,5,60,20,20,15,25,15,20,4,90,55,35,20,60,30,35,0,0,0,0,0,0,0x0,NoRank,NoRank,ERank,NoRank,NoRank,NoRank,NoRank,NoRank,KnightAnims,ArmourMovementCost,ArmourMovementCost,ArmourMovementCost,TerrainAvoid,TerrainDefence,0x880c4fb,ArmorType
Thief,0x2c5,ThiefDesc,0xd,Rogue,0x8,0x0,0x8e,0x7,19,4,10,9,0,0,5,7,60,15,20,20,15,15,20,6,55,25,60,60,15,15,50,0,0,0,0,0,0,CanUseLockpick,ERank,NoRank,NoRank,NoRank,NoRank,NoRank,NoRank,NoRank,0x88af0a0,ThiefMovementCost,ThiefMovementCost,ThiefMovementCost,TerrainAvoid,TerrainDefence,0x880c4fb,0x0
Thief (F),0x2c5,ThiefDesc,0xe,Rogue_F,ThiefFStandID,0x0,0x8e,0x1f,19,4,10,9,0,0,5,7,60,15,20,20,15,15,20,6,55,25,60,60,15,15,50,0,0,0,0,0,0,CanUseLockpick,ERank,NoRank,NoRank,NoRank,NoRank,NoRank,NoRank,NoRank,ThiefFAnims,ThiefMovementCost,ThiefMovementCost,ThiefMovementCost,TerrainAvoid,TerrainDefence,0x880c4fb,0x0
Mercenary,0x2c6,MercenaryDesc,0xf,Hero,0xa,0x0,0x90,0x3,25,7,7,8,3,0,11,6,60,20,20,20,15,15,20,4,75,45,40,50,20,15,40,0,0,0,0,0,0,0x0,ERank,NoRank,NoRank,NoRank,NoRank,NoRank,NoRank,NoRank,0x88af0b8,InfantryMovementCost,InfantryMovementCost,InfantryMovementCost,TerrainAvoid,TerrainDefence,0x880c4fb,0x0
Mercenary (F),0x2c6,MercenaryDesc,0x10,Hero_F,MercenaryFStandID,0x0,0x90,0x3,25,7,7,8,3,0,11,6,60,20,20,20,15,15,20,4,75,45,40,50,20,15,40,0,0,0,0,0,0,0x0,ERank,NoRank,NoRank,NoRank,NoRank,NoRank,NoRank,NoRank,0x88af0c4,InfantryMovementCost,InfantryMovementCost,InfantryMovementCost,TerrainAvoid,TerrainDefence,0x880c4fb,0x0
Hero,0x2c7,HeroDesc,0x11,Mercenary,0xc,0x0,0x91,0x4,29,9,10,10,5,2,12,7,80,30,30,30,25,25,25,6,75,45,40,50,20,15,40,1,1,1,1,1,1,IsPromoted,DRank,NoRank,DRank,NoRank,NoRank,NoRank,NoRank,NoRank,0x88af0d0,InfantryMovementCost,InfantryMovementCost,InfantryMovementCost,TerrainAvoid,TerrainDefence,0x880c4fb,0x0
Hero (F),0x2c7,HeroDesc,0x12,Mercenary_F,0xd,0x0,0x91,0x4,29,9,10,10,5,2,12,7,80,30,30,30,25,25,25,6,75,45,40,50,20,15,40,1,1,1,1,1,1,IsPromoted,DRank,NoRank,DRank,NoRank,NoRank,NoRank,NoRank,NoRank,0x88af0ec,InfantryMovementCost,InfantryMovementCost,InfantryMovementCost,TerrainAvoid,TerrainDefence,0x880c4fb,0x0
Myrmidon,0x2c8,MyrmidonDesc,0x13,Swordmaster,0xe,0x0,0x72,0x5,20,5,9,10,1,0,7,6,60,20,20,20,15,15,20,5,60,35,55,60,20,20,45,0,0,0,0,0,0,0x0,ERank,NoRank,NoRank,NoRank,NoRank,NoRank,NoRank,NoRank,0x88af108,InfantryMovementCost,InfantryMovementCost,InfantryMovementCost,TerrainAvoid,TerrainDefence,0x880c4fb,0x0
Myrmidon (F),0x2c8,MyrmidonDesc,0x14,Swordmaster_F,0xf,0x0,0x72,0x5,20,5,9,10,1,0,7,6,60,20,20,20,15,15,20,5,60,35,55,60,20,20,45,0,0,0,0,0,0,0x0,ERank,NoRank,NoRank,NoRank,NoRank,NoRank,NoRank,NoRank,0x88af114,InfantryMovementCost,InfantryMovementCost,InfantryMovementCost,TerrainAvoid,TerrainDefence,0x880c4fb,0x0
Swordmaster,0x2c9,SwordmasterDesc,0x15,Myrmidon,0x10,0x0,0x73,0x6,23,8,11,12,3,3,8,7,80,30,30,30,25,25,25,7,60,35,55,60,20,20,45,1,1,1,1,1,1,IsPromoted|CritBoost,DRankPlus,NoRank,NoRank,NoRank,NoRank,NoRank,NoRank,NoRank,0x88af120,InfantryMovementCost,InfantryMovementCost,InfantryMovementCost,TerrainAvoid,TerrainDefence,0x880c4fb,0x0
Swordmaster (F),0x2c9,SwordmasterDesc,0x16,Myrmidon_F,0x11,0x0,0x73,0x6,23,8,11,12,3,3,8,7,80,30,30,30,25,25,25,7,60,35,55,60,20,20,45,1,1,1,1,1,1,IsPromoted|CritBoost,DRankPlus,NoRank,NoRank,NoRank,NoRank,NoRank,NoRank,NoRank,0x88af12c,InfantryMovementCost,InfantryMovementCost,InfantryMovementCost,TerrainAvoid,TerrainDefence,0x880c4fb,0x0
Assassin,0x2ca,AssassinDesc,0x17,Thief,0x12,0x0,AssassinClassCard,0x8,23,8,12,12,4,2,7,8,80,25,30,30,25,25,25,8,55,30,65,60,15,20,40,1,1,1,1,1,1,CanUseLockpick|IsPromoted,DRankPlus,NoRank,NoRank,NoRank,NoRank,NoRank,NoRank,NoRank,0x88af138,ThiefMovementCost,ThiefMovementCost,ThiefMovementCost,TerrainAvoid,TerrainDefence,0x880c4fb,0x0
Assassin (F),0x2ca,AssassinDesc,0x18,Thief_F,0x13,0x0,AssassinClassCard,0x8,23,8,12,12,4,2,7,8,80,25,30,30,25,25,25,8,55,30,65,60,15,20,40,1,1,1,1,1,1,CanUseLockpick|IsPromoted,DRankPlus,NoRank,NoRank,NoRank,NoRank,NoRank,NoRank,NoRank,0x88af144,ThiefMovementCost,ThiefMovementCost,ThiefMovementCost,TerrainAvoid,TerrainDefence,0x880c4fb,0x0
Archer,0x2cb,ArcherDesc,0x19,Sniper,0x14,0x0,0x78,0xa,21,6,10,9,1,0,8,6,60,20,20,20,15,15,20,5,65,40,60,55,20,15,45,0,0,0,0,0,0,UseBallista,NoRank,NoRank,NoRank,ERank,NoRank,NoRank,NoRank,NoRank,0x88af150,InfantryMovementCost,InfantryMovementCost,InfantryMovementCost,TerrainAvoid,TerrainDefence,0x880c4fb,0x0
Archer (F),0x2cb,ArcherDesc,0x1a,Sniper_F,0x15,0x0,0x78,0xa,21,6,10,9,1,0,8,6,60,20,20,20,15,15,20,5,65,40,60,55,20,15,45,0,0,0,0,0,0,UseBallista,NoRank,NoRank,NoRank,ERank,NoRank,NoRank,NoRank,NoRank,0x88af168,InfantryMovementCost,InfantryMovementCost,InfantryMovementCost,TerrainAvoid,TerrainDefence,0x880c4fb,0x0
Sniper,0x2cc,SniperDesc,0x1b,Archer,0x16,0x0,0x79,0xb,24,9,12,11,4,2,9,7,80,30,30,30,25,25,25,7,65,40,60,55,20,15,45,1,1,1,1,1,1,IsPromoted|UseBallista,NoRank,NoRank,NoRank,DRankPlus,NoRank,NoRank,NoRank,NoRank,0x88af180,InfantryMovementCost,InfantryMovementCost,InfantryMovementCost,TerrainAvoid,TerrainDefence,0x880c4fb,0x0
Sniper (F),0x2cc,SniperDesc,0x1c,Archer_F,0x17,0x0,0x79,0xb,24,9,12,11,4,2,9,7,80,30,30,30,25,25,25,7,65,40,60,55,20,15,45,1,1,1,1,1,1,IsPromoted|UseBallista,NoRank,NoRank,NoRank,DRankPlus,NoRank,NoRank,NoRank,NoRank,0x88af198,InfantryMovementCost,InfantryMovementCost,InfantryMovementCost,TerrainAvoid,TerrainDefence,0x880c4fb,0x0
Ranger,0x2cd,RangerDesc,0x1d,Scout,0x18,0x0,0x97,0xc,25,8,8,11,4,2,9,9,80,30,30,30,25,25,25,7,65,35,50,55,20,15,40,1,1,1,1,1,1,HorseIcon|IsPromoted|MountedAid|HasCanto,DRank,NoRank,NoRank,DRank,NoRank,NoRank,NoRank,NoRank,RangerAnims,CavalryMovementCost,CavalryMovementCost,CavalryMovementCost,TerrainAvoid,TerrainDefence,0x880c4fb,HorseType
Scout,ScoutName,ScoutDesc,0x1e,Ranger,ScoutStandID,0x0,ScoutClassCard,0xc,22,5,6,9,1,0,8,8,60,20,20,20,15,15,20,5,65,35,50,55,20,15,40,0,0,0,0,0,0,HorseIcon|MountedAid|HasCanto,NoRank,NoRank,NoRank,ERank,NoRank,NoRank,NoRank,NoRank,ScoutAnims,CavalryMovementCost,CavalryMovementCost,CavalryMovementCost,TerrainAvoid,TerrainDefence,0x880c4fb,HorseType
Wyvern Rider (L),0x2ce,WyvernRiderDesc,0x1f,Dracoknight_SL,0x19,0x0,0x88,0xd,26,8,6,5,7,0,11,7,60,20,20,20,20,15,20,3,75,45,40,45,40,5,35,0,0,0,0,0,0,MountedAid|HasCanto|DragonIcon,NoRank,ERank,NoRank,NoRank,NoRank,NoRank,NoRank,NoRank,0x88af1d0,FlierMovementCost,FlierMovementCost,FlierMovementCost,FlierTerrainAvo,FlierTerrainDef,0x880c5be,DragonType|FlierType
Wyvern Rider (S),0x2ce,WyvernRiderDesc,0x20,Dracoknight_SL,WyvernRiderSwordStandID,0x0,WyvernRiderSwordClassCard,0xd,26,8,6,5,7,0,11,7,60,20,20,20,20,15,20,3,75,45,40,45,40,5,35,0,0,0,0,0,0,MountedAid|HasCanto|DragonIcon,ERank,NoRank,NoRank,NoRank,NoRank,NoRank,NoRank,NoRank,0x88af1d0,FlierMovementCost,FlierMovementCost,FlierMovementCost,FlierTerrainAvo,FlierTerrainDef,0x880c5be,DragonType|FlierType
Dracoknight (SL),DracoknightName,DracoknightDesc,0x21,WyvernRider_L,0x1b,0x0,0x89,0xe,31,10,9,7,9,1,12,8,80,30,30,30,30,25,25,5,75,45,40,45,40,5,35,1,1,1,1,1,1,MountedAid|HasCanto|DragonIcon|IsPromoted,DRank,DRank,NoRank,NoRank,NoRank,NoRank,NoRank,NoRank,0x88af1e8,FlierMovementCost,FlierMovementCost,FlierMovementCost,FlierTerrainAvo,FlierTerrainDef,0x880c5be,DragonType|FlierType
Dracoknight (LA),DracoknightName,DracoknightDesc,0x22,WyvernRider_L,0x1c,0x0,DracoknightAxeClassCard,0xe,31,10,9,7,9,1,12,8,80,30,30,30,30,25,25,5,75,45,40,45,40,5,35,1,1,1,1,1,1,MountedAid|HasCanto|DragonIcon|IsPromoted,NoRank,DRank,DRank,NoRank,NoRank,NoRank,NoRank,NoRank,0x88af1e8,FlierMovementCost,FlierMovementCost,FlierMovementCost,FlierTerrainAvo,FlierTerrainDef,0x880c5be,DragonType|FlierType
Wyvern Knight (L),0x2d0,WyvernKnightDesc,0x23,WyvernRider_L,0x1d,0x0,0x93,0xf,28,8,10,10,6,0,10,9,80,30,30,30,30,25,25,5,70,45,45,55,35,5,35,1,1,1,1,1,1,MountedAid|HasCanto|DragonIcon|IsPromoted,NoRank,DRankPlus,NoRank,NoRank,NoRank,NoRank,NoRank,NoRank,0x88af208,FlierMovementCost,FlierMovementCost,FlierMovementCost,FlierTerrainAvo,FlierTerrainDef,0x880c5be,DragonType|FlierType
Wyvern Knight (S),0x2d0,WyvernKnightDesc,0x24,WyvernRider_S,0x1d,0x0,0x93,0xf,26,8,10,10,6,0,10,9,80,30,30,30,30,25,25,5,70,45,45,55,35,5,35,1,1,1,1,1,1,MountedAid|HasCanto|DragonIcon|IsPromoted,DRankPlus,NoRank,NoRank,NoRank,NoRank,NoRank,NoRank,NoRank,0x88af214,FlierMovementCost,FlierMovementCost,FlierMovementCost,FlierTerrainAvo,FlierTerrainDef,0x880c5be,DragonType|FlierType
Mage,0x2d1,MageDesc,0x25,Sage,0x1e,0x0,0x7c,0x12,20,0,9,8,0,3,6,6,60,15,20,20,15,20,20,4,50,10,55,50,15,25,40,0,0,0,0,0,0,0x0,NoRank,NoRank,NoRank,NoRank,NoRank,ERank,NoRank,NoRank,0x88af220,MageMovementCost,MageMovementCost,MageMovementCost,TerrainAvoid,TerrainDefence,0x880c4fb,0x0
Mage (F),0x2d1,MageDesc,0x26,Sage_F,0x1f,0x0,0x7c,0x12,20,0,9,8,0,3,6,6,60,15,20,20,15,20,20,4,50,10,55,50,15,25,40,0,0,0,0,0,0,0x0,NoRank,NoRank,NoRank,NoRank,NoRank,ERank,NoRank,NoRank,0x88af234,MageMovementCost,MageMovementCost,MageMovementCost,TerrainAvoid,TerrainDefence,0x880c4fb,0x0
Sage,0x2d2,SageDesc,0x27,Mage,0x20,0x0,0x7d,0x13,23,1,11,10,2,6,7,7,80,25,30,30,25,30,25,6,50,10,55,50,15,25,40,1,1,1,1,1,1,IsPromoted,NoRank,NoRank,NoRank,NoRank,ERank,DRank,DRank,NoRank,0x88af248,MageMovementCost,MageMovementCost,MageMovementCost,TerrainAvoid,TerrainDefence,0x880c4fb,0x0
Sage (F),0x2d2,SageDesc,0x28,Mage_F,0x21,0x0,0x7d,0x13,23,1,11,10,2,6,7,7,80,25,30,30,25,30,25,6,50,10,55,50,15,25,40,1,1,1,1,1,1,IsPromoted,NoRank,NoRank,NoRank,NoRank,ERank,DRank,DRank,NoRank,0x88af260,MageMovementCost,MageMovementCost,MageMovementCost,TerrainAvoid,TerrainDefence,0x880c4fb,0x0
Mage Knight,0x2d3,MageKnightDesc,0x29,Troubadour_M,0x22,0x0,0x95,0x14,24,1,9,9,4,4,7,9,80,25,30,30,25,30,25,5,55,10,50,45,10,25,35,1,1,1,1,1,1,HorseIcon|IsPromoted|MountedAid|HasCanto,NoRank,NoRank,NoRank,NoRank,DRank,DRank,NoRank,NoRank,0x88af278,CavalryMovementCost,CavalryMovementCost,CavalryMovementCost,TerrainAvoid,TerrainDefence,0x880c4fb,HorseType
Mage Knight (F),0x2d3,MageKnightDesc,0x2a,Troubadour,0x23,0x0,0x95,0x14,24,1,9,9,4,4,7,9,80,25,30,30,25,30,25,5,55,10,50,45,10,25,35,1,1,1,1,1,1,HorseIcon|IsPromoted|MountedAid|HasCanto,NoRank,NoRank,NoRank,NoRank,DRank,DRank,NoRank,NoRank,0x88af290,CavalryMovementCost,CavalryMovementCost,CavalryMovementCost,TerrainAvoid,TerrainDefence,0x880c4fb,HorseType
Bishop,0x2d4,0x320,0x2b,0x45,0x24,0x0,0x7b,0x18,23,1,11,9,3,8,7,7,80,25,30,30,25,30,25,8,55,5,45,45,10,35,55,1,1,1,1,1,1,IsPromoted,NoRank,NoRank,NoRank,NoRank,DRankPlus,NoRank,DRank,NoRank,0x88af2a8,MageMovementCost,MageMovementCost,MageMovementCost,TerrainAvoid,TerrainDefence,0x880c4fb,0x0
Bishop (F),0x2d4,0x320,0x2c,0x4a,0x25,0x0,0x7b,0x18,23,1,11,9,3,8,7,7,80,25,30,30,25,30,25,8,55,5,45,45,10,35,55,1,1,1,1,1,1,IsPromoted,NoRank,NoRank,NoRank,NoRank,DRankPlus,NoRank,DRank,NoRank,0x88af2c0,MageMovementCost,MageMovementCost,MageMovementCost,TerrainAvoid,TerrainDefence,0x880c4fb,0x0
Shaman,0x2e1,ShamanDesc,0x2d,Druid,0x26,0x1,0x7e,0x1b,22,0,7,6,0,5,8,6,60,15,20,20,15,20,20,2,60,10,40,35,20,35,30,0,0,0,0,0,0,0x0,NoRank,NoRank,NoRank,NoRank,NoRank,NoRank,NoRank,ERank,0x88af2d8,MageMovementCost,MageMovementCost,MageMovementCost,TerrainAvoid,TerrainDefence,0x880c4fb,0x0
Shaman (F),0x2e1,ShamanDesc,0x2e,Druid_F,ShamanFStandID,0x1,0x7e,0x1b,22,0,7,6,0,5,8,6,60,15,20,20,15,20,20,2,60,10,40,35,20,35,30,0,0,0,0,0,0,0x0,NoRank,NoRank,NoRank,NoRank,NoRank,NoRank,NoRank,ERank,0x88af2ec,MageMovementCost,MageMovementCost,MageMovementCost,TerrainAvoid,TerrainDefence,0x880c4fb,0x0
Druid,0x2e2,DruidDesc,0x2f,Shaman,0x27,0x1,0x7f,0x1c,26,1,9,8,2,7,9,7,80,25,30,30,25,30,25,4,60,10,40,35,20,35,30,1,1,1,1,1,1,IsPromoted,NoRank,NoRank,NoRank,NoRank,ERank,DRank,NoRank,DRank,0x88af300,MageMovementCost,MageMovementCost,MageMovementCost,TerrainAvoid,TerrainDefence,0x880c4fb,0x0
Druid (F),0x2e2,DruidDesc,0x30,Shaman_F,DruidFStandID,0x1,0x7f,0x1c,26,1,9,8,2,7,9,7,80,25,30,30,25,30,25,4,60,10,40,35,20,35,30,1,1,1,1,1,1,IsPromoted,NoRank,NoRank,NoRank,NoRank,ERank,DRank,NoRank,DRank,0x88af318,MageMovementCost,MageMovementCost,MageMovementCost,TerrainAvoid,TerrainDefence,0x880c4fb,0x0
Summoner,0x2e3,SummonerDesc,0x31,Shaman,0x28,0x0,SummonerClassCard,0x1d,25,1,9,8,1,7,9,7,80,25,30,30,25,30,25,4,55,5,45,40,15,30,30,1,1,1,1,1,1,Summoning|IsPromoted,NoRank,NoRank,NoRank,NoRank,ERank,NoRank,NoRank,DRank,0x88af330,MageMovementCost,MageMovementCost,MageMovementCost,TerrainAvoid,TerrainDefence,0x880c4fb,0x0
Bonewalker (S),0x2f4,BonewalkerDesc,0x32,Wight_SL,0x45,0x0,0x9b,0x1d,23,7,8,7,3,0,9,6,60,20,20,20,15,15,20,1,70,40,50,45,30,10,10,0,0,0,0,0,0,0x0,ERank,NoRank,NoRank,NoRank,NoRank,NoRank,NoRank,NoRank,0x88af578,InfantryMovementCost,InfantryMovementCost,InfantryMovementCost,TerrainAvoid,TerrainDefence,0x880c4fb,MonsterType
Rogue,0x2db,0x326,0x33,0xd,0x29,0x0,0x94,0x9,22,7,12,11,3,2,6,8,80,25,30,30,25,25,25,8,55,25,60,60,15,15,50,1,1,1,1,1,1,IsPromoted|CanUseLockpick|Steal,DRank,NoRank,NoRank,NoRank,NoRank,NoRank,NoRank,NoRank,0x88af360,ThiefMovementCost,ThiefMovementCost,ThiefMovementCost,TerrainAvoid,TerrainDefence,0x880c4fb,0x0
Gorgon Egg,0x300,GorgonEggDesc,0x34,0x0,0x2a,0x0,0xa6,0x0,50,0,0,0,10,10,6,0,60,30,30,30,30,30,30,0,100,0,0,0,0,0,0,0,0,0,0,0,0,0x0,NoRank,NoRank,NoRank,NoRank,NoRank,NoRank,NoRank,NoRank,0x0,0x0,0x0,0x0,TerrainAvoid,TerrainDefence,0x880c4fb,MonsterType
Great Knight,0x2e0,GreatKnightDesc,0x35,Knight_L,0x2b,0x1,0x96,0x22,31,10,7,7,10,5,14,8,80,30,30,25,30,25,30,6,85,50,40,30,55,20,35,1,1,1,1,1,1,HorseIcon|IsPromoted|MountedAid|HasCanto,DRank,DRank,DRank,NoRank,NoRank,NoRank,NoRank,NoRank,0x88af36c,HeavyCavalryMovementCost,HeavyCavalryMovementCost,HeavyCavalryMovementCost,TerrainAvoid,TerrainDefence,0x880c4fb,HorseType|ArmorType
Knight (B),0x2c3,KnightDesc,0x36,General,KnightBowStandID,0x1,KnightBowClassCard,0x22,29,9,4,2,11,4,14,5,60,20,20,15,25,15,20,4,90,55,35,20,60,30,35,0,0,0,0,0,0,0x0,NoRank,NoRank,NoRank,ERank,NoRank,NoRank,NoRank,NoRank,KnightAnims,ArmourMovementCost,ArmourMovementCost,ArmourMovementCost,TerrainAvoid,TerrainDefence,0x880c4fb,ArmorType
Pegasus Knight (S),0x2e7,PegasusKnightDesc,0x37,Falcoknight_SL,PegKnightSwordStandID,0x0,PegasusKnightSwordClassCard,0x28,20,4,7,10,0,5,7,8,60,20,20,20,15,20,20,5,60,30,45,55,20,40,50,0,0,0,0,0,0,MountedAid|HasCanto|PegIcon,ERank,NoRank,NoRank,NoRank,NoRank,NoRank,NoRank,NoRank,0x0,FlierMovementCost,FlierMovementCost,FlierMovementCost,FlierTerrainAvo,FlierTerrainDef,0x880c5be,FlierType
Journeyman (3),0x2d8,0x324,0x38,0x7e,0x2d,0x0,0x74,0x27,28,8,5,6,5,0,8,6,60,26,29,28,23,23,20,0,85,55,40,32,18,20,40,4,1,2,2,2,2,CritBoost|IsPromoted,NoRank,NoRank,CRank,NoRank,NoRank,NoRank,NoRank,NoRank,0x88af3b8,0x880b8cb,0x880bd1c,0x880c12c,TerrainAvoid,TerrainDefence,0x880c4fb,0x0
Pupil (3),0x2d9,0x325,0x39,0x7f,0x2e,0x0,0x7c,0x29,20,5,4,4,5,5,5,6,60,29,28,27,21,26,20,0,55,55,40,35,10,30,40,4,2,0,1,3,3,IsPromoted,NoRank,NoRank,NoRank,NoRank,NoRank,CRank,ERank,DRank,0x88af3d0,0x880ba10,0x880be61,0x880c271,TerrainAvoid,TerrainDefence,0x880c4fb,0x0
Wyvern Rider (A),0x2ce,WyvernRiderDesc,0x3a,Dracoknight_LA,WyvernRiderAxeStandID,0x0,WyvernRiderAxeClassCard,0x28,26,8,6,6,7,0,11,7,60,20,20,20,20,15,20,3,75,45,40,45,40,5,35,0,0,0,0,0,0,MountedAid|HasCanto|DragonIcon,NoRank,NoRank,ERank,NoRank,NoRank,NoRank,NoRank,NoRank,0x0,FlierMovementCost,FlierMovementCost,FlierMovementCost,FlierTerrainAvo,FlierTerrainDef,0x880c5be,DragonType|FlierType
Manakete (A) (M),0x2d7,0x323,0x3b,0x1f,0x2f,0x0,0xa9,0x1f,20,0,0,2,1,1,25,3,60,20,20,20,20,20,25,0,95,40,30,20,0,10,25,0,0,0,0,0,0,UseMonsterWeapons|IsPromoted,NoRank,NoRank,NoRank,NoRank,NoRank,NoRank,NoRank,NoRank,0x88af3f0,FlierMovementCost,FlierMovementCost,FlierMovementCost,FlierTerrainAvo,FlierTerrainDef,0x880c5be,DragonType
Manakete (Ch) (F),0x2d7,0x323,0x3c,0x20,0x30,0x0,0x8f,0x1f,12,0,0,2,2,2,5,6,60,20,20,20,20,20,20,0,95,40,30,20,0,10,25,0,0,0,0,0,0,UseMonsterWeapons,NoRank,NoRank,NoRank,NoRank,NoRank,NoRank,NoRank,NoRank,0x88af3fc,FlierMovementCost,FlierMovementCost,FlierMovementCost,FlierTerrainAvo,FlierTerrainDef,0x880c5be,DragonType
Journeyman,0x2d8,0x324,0x3d,0x0,0x2d,0x0,0x74,0x27,14,3,0,1,1,0,8,4,60,20,20,20,20,20,20,0,85,55,40,32,18,20,40,0,0,0,0,0,0,TraineeLevelCap,NoRank,NoRank,ERank,NoRank,NoRank,NoRank,NoRank,NoRank,0x88af408,0x880b8cb,0x880bd1c,0x880c12c,TerrainAvoid,TerrainDefence,0x880c4fb,0x0
Pupil,0x2d9,0x325,0x3e,0x0,0x2e,0x0,0x7c,0x29,13,1,0,1,0,3,5,4,60,20,20,20,20,20,20,0,55,55,40,35,10,30,40,0,0,0,0,0,0,TraineeLevelCap,NoRank,NoRank,NoRank,NoRank,NoRank,ERank,NoRank,NoRank,0x88af420,0x880ba10,0x880be61,0x880c271,TerrainAvoid,TerrainDefence,0x880c4fb,0x0
Fighter,0x2dc,FighterDesc,0x3f,Warrior,0x31,0x0,0x74,0x23,28,10,6,5,3,0,13,6,60,20,20,20,15,15,20,4,85,60,40,35,25,15,35,0,0,0,0,0,0,0x0,NoRank,NoRank,ERank,NoRank,NoRank,NoRank,NoRank,NoRank,FighterAnims,InfantryMovementCost,InfantryMovementCost,InfantryMovementCost,TerrainAvoid,TerrainDefence,0x880c4fb,0x0
Warrior,0x2dd,WarriorDesc,0x40,Fighter,0x32,0x0,0x75,0x25,33,12,8,7,6,1,14,7,80,30,30,30,25,25,25,6,85,60,40,35,25,15,35,1,1,1,1,1,1,IsPromoted,NoRank,NoRank,DRank,DRank,NoRank,NoRank,NoRank,NoRank,0x88af44c,InfantryMovementCost,InfantryMovementCost,InfantryMovementCost,TerrainAvoid,TerrainDefence,0x880c4fb,0x0
Brigand,0x2de,BrigandDesc,0x41,Berserker,0x33,0x0,0x8b,0x0,27,9,5,6,2,0,13,6,60,20,20,20,15,15,20,2,85,60,35,40,25,10,30,0,0,0,0,0,0,0x0,NoRank,NoRank,ERank,NoRank,NoRank,NoRank,NoRank,NoRank,0x88af468,BrigandMovementCost,BrigandMovementCost,BrigandMovementCost,TerrainAvoid,TerrainDefence,0x880c4fb,0x0
Pirate,0x2ee,PirateDesc,0x42,Berserker,0x34,0x0,0x8c,0x24,26,8,4,7,2,1,12,6,60,20,20,20,15,15,20,2,80,55,30,45,20,15,30,0,0,0,0,0,0,0x0,NoRank,NoRank,ERank,NoRank,NoRank,NoRank,NoRank,NoRank,0x88af480,PirateMovementCost,PirateMovementCost,PirateMovementCost,TerrainAvoid,TerrainDefence,0x880c4fb,0x0
Berserker,0x2df,BerserkerDesc,0x43,Brigand,0x35,0x0,0x8d,0x26,32,11,8,8,3,1,14,7,80,30,30,30,25,25,25,4,85,60,35,40,25,10,30,0,0,0,0,0,0,IsPromoted|CritBoost,NoRank,NoRank,DRank,NoRank,NoRank,NoRank,NoRank,NoRank,0x88af498,BerserkerMovementCost,BerserkerMovementCost,BerserkerMovementCost,TerrainAvoid,TerrainDefence,0x880c4fb,0x0
Monk,0x2e4,MonkDesc,0x44,Sage,0x36,0x0,MonkClassCard,0x17,19,0,9,9,0,3,6,6,60,15,20,20,15,20,20,6,50,5,60,55,10,20,50,0,0,0,0,0,0,0x0,NoRank,NoRank,NoRank,NoRank,NoRank,NoRank,ERank,NoRank,0x88af4b0,MageMovementCost,MageMovementCost,MageMovementCost,TerrainAvoid,TerrainDefence,0x880c4fb,0x0
Priest,0x2e6,PriestClericDesc,0x45,Bishop,0x37,0x0,0x7a,0x15,20,0,9,7,0,5,6,6,60,15,20,20,15,20,20,6,55,5,45,45,10,35,55,0,0,0,0,0,0,0x0,NoRank,NoRank,NoRank,NoRank,ERank,NoRank,NoRank,NoRank,0x88af4c4,MageMovementCost,MageMovementCost,MageMovementCost,TerrainAvoid,TerrainDefence,0x880c4fb,0x0
Bard,0x2e5,0x331,0x46,0x0,0x38,0x0,0x8b,0x0,14,1,2,7,1,0,6,5,60,10,10,30,24,26,20,0,45,45,30,60,0,13,70,0,0,0,0,0,0,CanPlay,NoRank,NoRank,NoRank,NoRank,NoRank,NoRank,NoRank,NoRank,0x0,ThiefMovementCost,ThiefMovementCost,ThiefMovementCost,TerrainAvoid,TerrainDefence,0x880c4fb,0x0
Recruit,0x2da,0x332,0x47,0x0,0x2c,0x0,0x8a,0x28,13,3,0,1,0,1,6,4,60,20,20,20,20,20,20,0,75,45,40,40,25,35,40,0,0,0,0,0,0,TraineeLevelCap,NoRank,ERank,NoRank,NoRank,NoRank,NoRank,NoRank,NoRank,0x88af4d0,0x880b849,0x880bc9a,0x880c0aa,TerrainAvoid,TerrainDefence,0x880c4fb,0x0
Pegasus Knight (L),0x2e7,PegasusKnightDesc,0x48,Falcoknight_SL,0x39,0x0,0x86,0x10,20,4,7,10,0,5,7,8,60,20,20,20,15,20,20,5,60,30,45,55,20,40,50,0,0,0,0,0,0,MountedAid|HasCanto|PegIcon,NoRank,ERank,NoRank,NoRank,NoRank,NoRank,NoRank,NoRank,0x88af4dc,FlierMovementCost,FlierMovementCost,FlierMovementCost,FlierTerrainAvo,FlierTerrainDef,0x880c5be,FlierType
Falcoknight (SL),0x2e8,FalcoknightDesc,0x49,PegasusKnight_L,0x3a,0x0,0x87,0x11,23,7,9,12,3,6,8,9,80,30,30,30,25,30,25,7,60,30,45,55,20,40,50,1,1,1,1,1,1,MountedAid|HasCanto|PegIcon|IsPromoted,DRank,DRank,NoRank,NoRank,NoRank,NoRank,NoRank,NoRank,0x88af4e8,FlierMovementCost,FlierMovementCost,FlierMovementCost,FlierTerrainAvo,FlierTerrainDef,0x880c5be,FlierType
Cleric,0x2e9,PriestClericDesc,0x4a,Bishop_F,0x3b,0x0,0x7a,0x16,20,0,8,7,0,5,6,6,60,15,20,20,15,20,20,6,55,5,45,45,10,35,55,0,0,0,0,0,0,0x0,NoRank,NoRank,NoRank,NoRank,ERank,NoRank,NoRank,NoRank,0x88af4f8,MageMovementCost,MageMovementCost,MageMovementCost,TerrainAvoid,TerrainDefence,0x880c4fb,0x0
Troubadour,0x2ea,0x336,0x4b,0x4c,0x3c,0x0,0x82,0x19,19,0,7,9,0,3,5,8,60,15,20,20,15,20,20,5,45,10,45,55,5,25,45,0,0,0,0,0,0,MountedAid|HasCanto|HorseIcon,NoRank,NoRank,NoRank,NoRank,DRank,NoRank,NoRank,NoRank,0x88af504,CavalryMovementCost,CavalryMovementCost,CavalryMovementCost,TerrainAvoid,TerrainDefence,0x880c4fb,HorseType
Valkyrie,0x2eb,0x337,0x4c,0x4b,0x3d,0x0,0x83,0x1a,22,1,9,11,3,5,6,9,60,25,30,30,25,30,25,7,45,10,45,55,5,25,45,0,0,1,1,1,1,MountedAid|HasCanto|HorseIcon|IsPromoted,NoRank,NoRank,NoRank,NoRank,DRank,NoRank,DRank,NoRank,0x88af510,CavalryMovementCost,CavalryMovementCost,CavalryMovementCost,TerrainAvoid,TerrainDefence,0x880c4fb,HorseType
Dancer,0x2ec,0x338,0x4d,0x0,0x3e,0x0,0x8b,0x2a,14,1,2,7,0,1,4,5,60,10,10,30,24,26,20,0,45,45,30,60,0,13,70,0,0,0,0,0,0,CanDance,NoRank,NoRank,NoRank,NoRank,NoRank,NoRank,NoRank,NoRank,0x88af528,ThiefMovementCost,ThiefMovementCost,ThiefMovementCost,TerrainAvoid,TerrainDefence,0x880c4fb,0x0
Soldier,0x2ed,SoldierDesc,0x4e,Halberdier,SoldierStandID,0x0,0x8a,0x0,23,6,9,8,4,1,9,6,60,20,20,20,15,15,20,4,70,45,55,45,30,20,40,0,0,0,0,0,0,0x0,NoRank,ERank,NoRank,NoRank,NoRank,NoRank,NoRank,NoRank,SoldierAnims,InfantryMovementCost,InfantryMovementCost,InfantryMovementCost,TerrainAvoid,TerrainDefence,0x880c4fb,0x0
Soldier (F),0x2ed,SoldierDesc,0x4f,Halberdier,SoldierFStandID,0x0,0x8a,0x2b,23,6,9,8,4,1,9,6,60,20,20,20,15,15,20,4,70,45,55,45,30,20,40,0,0,0,0,0,0,0x0,NoRank,ERank,NoRank,NoRank,NoRank,NoRank,NoRank,NoRank,0x88af548,InfantryMovementCost,InfantryMovementCost,InfantryMovementCost,TerrainAvoid,TerrainDefence,0x880c4fb,0x0
Fleet,0x2f0,0x33c,0x50,0x0,0x41,0x0,0x92,0x0,19,1,1,2,5,0,25,3,60,20,20,20,30,20,25,0,75,35,40,32,15,15,15,0,0,0,0,0,0,0x0,NoRank,NoRank,NoRank,CRank,NoRank,NoRank,NoRank,NoRank,0x0,0x880b98e,0x880bddf,0x880c1ef,TerrainAvoid,TerrainDefence,0x880c4fb,0x0
Phantom,0x2f1,0x33d,0x51,0x0,0x42,0x0,0x98,0x1e,24,7,7,5,4,1,11,6,60,20,20,20,15,15,20,2,75,50,45,40,30,10,20,0,0,0,0,0,0,0x0,NoRank,NoRank,CRank,NoRank,NoRank,NoRank,NoRank,NoRank,0x0,FlierMovementCost,FlierMovementCost,FlierMovementCost,FlierTerrainAvo,FlierTerrainDef,0x880c5be,MonsterType
Revenant,0x2f2,RevenantDesc,0x52,Entombed,0x43,0x0,0x99,0x0,29,8,4,5,1,0,8,6,60,20,20,20,15,15,20,1,90,45,25,30,15,5,15,0,0,0,0,0,0,UseMonsterWeapons,NoRank,NoRank,NoRank,NoRank,NoRank,NoRank,NoRank,NoRank,0x88af560,RevenantMovementCost,RevenantMovementCost,RevenantMovementCost,TerrainAvoid,TerrainDefence,0x880c4fb,MonsterType
Entombed,0x2f3,0x33f,0x53,Revenant,0x44,0x0,0x9a,0x0,34,10,7,8,3,1,9,7,80,30,30,30,25,25,25,3,90,45,25,30,15,5,15,1,1,1,1,1,1,UseMonsterWeapons|IsPromoted,NoRank,NoRank,NoRank,NoRank,NoRank,NoRank,NoRank,NoRank,0x88af56c,RevenantMovementCost,RevenantMovementCost,RevenantMovementCost,TerrainAvoid,TerrainDefence,0x880c4fb,MonsterType
Bonewalker (L),0x2f4,BonewalkerDesc,0x54,Wight_SL,BonewalkerLanceStandID,0x0,BonewalkerLanceClassCard,0x0,24,7,8,7,3,0,9,6,60,20,20,20,15,15,20,1,70,40,50,45,30,10,10,0,0,0,0,0,0,0x0,NoRank,ERank,NoRank,NoRank,NoRank,NoRank,NoRank,NoRank,0x88af578,InfantryMovementCost,InfantryMovementCost,InfantryMovementCost,TerrainAvoid,TerrainDefence,0x880c4fb,MonsterType
Bonewalker (B),0x2f4,BonewalkerDesc,0x55,Wight_LB,0x46,0x0,BonewalkerBowClassCard,0x0,24,7,8,7,3,0,9,6,60,20,20,20,15,15,20,1,70,40,50,45,30,10,10,0,0,0,0,0,0,0x0,NoRank,NoRank,NoRank,ERank,NoRank,NoRank,NoRank,NoRank,0x88af588,InfantryMovementCost,InfantryMovementCost,InfantryMovementCost,TerrainAvoid,TerrainDefence,0x880c4fb,MonsterType
Wight,0x2f5,0x341,0x56,0x54,0x47,0x0,0x9c,0x0,28,9,10,9,6,2,10,7,80,30,30,30,25,25,25,3,70,40,50,45,30,10,10,1,1,1,1,1,1,IsPromoted,DRank,DRank,NoRank,NoRank,NoRank,NoRank,NoRank,NoRank,0x88af594,InfantryMovementCost,InfantryMovementCost,InfantryMovementCost,TerrainAvoid,TerrainDefence,0x880c4fb,MonsterType
Wight (Bow),0x2f5,0x341,0x57,0x55,0x48,0x0,WightBowClassCard,0x0,28,9,10,9,6,2,10,7,80,30,30,30,25,25,25,3,70,40,50,45,30,10,10,1,1,1,1,1,1,IsPromoted,DRank,NoRank,NoRank,DRank,NoRank,NoRank,NoRank,NoRank,0x88af5a4,InfantryMovementCost,InfantryMovementCost,InfantryMovementCost,TerrainAvoid,TerrainDefence,0x880c4fb,MonsterType
Bael,0x2f6,0x342,0x58,0x59,0x49,0x0,0x9d,0x0,32,11,5,3,7,0,18,5,60,20,20,15,20,15,20,2,95,60,30,25,45,10,20,0,0,0,0,0,0,UseMonsterWeapons,NoRank,NoRank,NoRank,NoRank,NoRank,NoRank,NoRank,NoRank,0x88af5b0,BrigandMovementCost,BrigandMovementCost,BrigandMovementCost,TerrainAvoid,TerrainDefence,0x880c4fb,MonsterType|ArmorType
Elder Bael,0x2f7,0x343,0x59,0x58,0x4a,0x0,0x9e,0x0,38,13,7,7,10,2,19,6,80,30,30,25,30,25,25,4,95,60,30,25,45,10,20,1,1,1,1,1,1,UseMonsterWeapons|IsPromoted,NoRank,NoRank,NoRank,NoRank,NoRank,NoRank,NoRank,NoRank,0x88af5bc,BrigandMovementCost,BrigandMovementCost,BrigandMovementCost,TerrainAvoid,TerrainDefence,0x880c4fb,MonsterType
Cyclops,0x2f8,0x344,0x5a,0x9,0x4b,0x0,0x9f,0x0,42,14,6,5,7,6,23,6,100,50,30,20,30,20,25,2,120,80,30,25,40,30,15,1,1,1,1,1,1,IsPromoted,NoRank,NoRank,ARank,NoRank,NoRank,NoRank,NoRank,NoRank,0x88af5c8,ArmourMovementCost,ArmourMovementCost,ArmourMovementCost,TerrainAvoid,TerrainDefence,0x880c4fb,MonsterType
Mauthe Doog,0x2f9,0x345,0x5b,0x5c,0x4c,0x0,0xa0,0x0,21,6,4,10,1,0,7,7,60,20,20,20,15,15,20,0,55,35,40,70,20,10,25,0,0,0,0,0,0,UseMonsterWeapons,NoRank,NoRank,NoRank,NoRank,NoRank,NoRank,NoRank,NoRank,0x88af5e0,ThiefMovementCost,ThiefMovementCost,ThiefMovementCost,TerrainAvoid,TerrainDefence,0x880c4fb,MonsterType
Gwyllgi,0x2fa,0x346,0x5c,0x5b,0x4d,0x0,0xa1,0x0,24,9,7,12,4,1,8,8,80,30,30,30,25,25,25,2,55,35,40,70,20,10,25,1,1,1,1,1,1,UseMonsterWeapons|IsPromoted,NoRank,NoRank,NoRank,NoRank,NoRank,NoRank,NoRank,NoRank,0x88af5ec,ThiefMovementCost,ThiefMovementCost,ThiefMovementCost,TerrainAvoid,TerrainDefence,0x880c4fb,MonsterType
Tarvos,0x2fb,0x347,0x5d,0x5e,0x4e,0x0,0xa2,0x0,27,10,6,6,3,0,13,8,60,20,20,20,15,15,20,2,85,60,30,40,30,10,20,0,0,0,0,0,0,MountedAid|HasCanto|HorseIcon,NoRank,NoRank,ERank,NoRank,NoRank,NoRank,NoRank,NoRank,0x88af5f8,CavalryMovementCost,CavalryMovementCost,CavalryMovementCost,TerrainAvoid,TerrainDefence,0x880c4fb,MonsterType
Maelduin,0x2fc,0x348,0x5e,0x5d,0x4f,0x0,0xa3,0x0,31,12,8,9,5,2,14,9,80,30,30,30,25,25,25,4,85,60,30,40,30,10,20,1,1,1,1,1,1,IsPromoted|MountedAid|HasCanto|HorseIcon,NoRank,NoRank,DRank,DRank,NoRank,NoRank,NoRank,NoRank,0x88af610,CavalryMovementCost,CavalryMovementCost,CavalryMovementCost,TerrainAvoid,TerrainDefence,0x880c4fb,MonsterType
Mogall,0x2fd,MogallDesc,0x5f,0x60,0x50,0x0,0xa4,0x0,20,0,9,6,0,3,6,6,60,15,20,20,15,20,20,2,50,5,55,40,15,30,20,0,0,0,0,0,0,UseMonsterWeapons,NoRank,NoRank,NoRank,NoRank,NoRank,NoRank,NoRank,ERank,0x88af62c,FlierMovementCost,FlierMovementCost,FlierMovementCost,FlierTerrainAvo,FlierTerrainDef,0x880c5be,MonsterType|FlierType
Balor,BalorName,BalorDesc,0x60,0x5f,0x51,0x0,0xa5,0x0,24,1,11,8,2,6,7,7,80,25,30,30,25,30,25,4,50,5,55,40,15,30,20,1,1,1,1,1,1,UseMonsterWeapons|IsPromoted,NoRank,NoRank,NoRank,NoRank,NoRank,NoRank,NoRank,DRank,0x88af640,FlierMovementCost,FlierMovementCost,FlierMovementCost,FlierTerrainAvo,FlierTerrainDef,0x880c5be,MonsterType|FlierType
Gorgon,0x2ff,GorgonDesc,0x61,0x5f,0x52,0x0,0xa6,0x0,28,5,11,8,4,5,11,7,60,25,30,30,25,30,25,6,80,25,45,40,25,40,20,1,1,1,1,1,0,UseMonsterWeapons|IsPromoted,NoRank,NoRank,NoRank,NoRank,NoRank,NoRank,NoRank,DRank,0x88af654,MageMovementCost,MageMovementCost,MageMovementCost,TerrainAvoid,TerrainDefence,0x880c4fb,MonsterType
Gorgon Egg,0x300,GorgonEggDesc,0x62,0x0,0x53,0x0,0xa6,0x0,50,0,0,0,10,10,6,0,60,30,30,30,30,30,30,0,100,0,0,0,0,0,0,0,0,0,0,0,0,0x0,NoRank,NoRank,NoRank,NoRank,NoRank,NoRank,NoRank,NoRank,0x0,0x0,0x0,0x0,TerrainAvoid,TerrainDefence,0x880c4fb,MonsterType
Gargoyle,0x301,0x34d,0x63,0x64,0x54,0x0,0xa7,0x0,24,8,7,7,4,0,11,7,60,20,20,20,15,15,20,2,75,50,45,40,30,10,20,0,0,0,0,0,0,0x0,NoRank,ERank,NoRank,NoRank,NoRank,NoRank,NoRank,NoRank,0x88af668,FlierMovementCost,FlierMovementCost,FlierMovementCost,FlierTerrainAvo,FlierTerrainDef,0x880c5be,MonsterType|FlierType
Deathgoyle,0x302,0x34e,0x64,0x63,0x55,0x0,0xa8,0x0,28,10,9,9,7,2,12,8,80,30,30,30,25,25,25,4,75,50,45,40,30,10,20,1,1,1,1,1,1,IsPromoted,NoRank,DRank,NoRank,NoRank,NoRank,NoRank,NoRank,NoRank,0x88af674,FlierMovementCost,FlierMovementCost,FlierMovementCost,FlierTerrainAvo,FlierTerrainDef,0x880c5be,MonsterType|FlierType
Dracozombie,0x303,0x34f,0x65,0x1f,0x56,0x0,0xa9,0x0,54,0,1,10,0,3,25,5,100,50,50,50,50,50,30,0,85,60,60,25,50,40,25,1,1,1,1,1,1,UseMonsterWeapons|IsPromoted,NoRank,NoRank,NoRank,NoRank,NoRank,NoRank,NoRank,NoRank,0x88af680,FlierMovementCost,FlierMovementCost,FlierMovementCost,FlierTerrainAvo,FlierTerrainDef,0x880c5be,MonsterType|DragonType|FlierType
Demon King,0x304,0x350,0x66,0x1f,0x57,0x0,0xaa,0x0,120,23,20,18,25,25,25,2,120,50,50,50,50,50,25,0,95,40,30,20,20,20,25,0,0,0,0,0,0,UseMonsterWeapons|IsPromoted,NoRank,NoRank,NoRank,NoRank,NoRank,NoRank,NoRank,NoRank,0x88af68c,0x880bbd7,0x880bbd7,0x880bbd7,TerrainAvoid,TerrainDefence,0x880c4fb,MonsterType
Archer on Ballista,0x0,0x0,0x67,0x0,0x58,0x0,0x0,0x0,0,0,0,0,0,0,0,0,0,0,0,0,0,0,0,0,0,0,0,0,0,10,0,0,0,0,0,0,0,0x0,NoRank,NoRank,NoRank,NoRank,NoRank,NoRank,NoRank,NoRank,0x0,0x0,0x0,0x0,TerrainAvoid,TerrainDefence,0x880c4fb,0x0
Archer on Long Ballista,0x0,0x0,0x68,0x0,0x59,0x0,0x0,0x0,0,0,0,0,0,0,0,0,0,0,0,0,0,0,0,0,0,0,0,0,0,0,0,0,0,0,0,0,0,0x0,NoRank,NoRank,NoRank,NoRank,NoRank,NoRank,NoRank,NoRank,0x0,0x0,0x0,0x0,TerrainAvoid,TerrainDefence,0x880c4fb,0x0
Archer on Arbalest,0x0,0x0,0x69,0x0,0x5a,0x0,0x0,0x0,0,0,0,0,0,0,0,0,0,0,0,0,0,0,0,0,0,0,0,0,0,0,0,0,0,0,0,0,0,0x0,NoRank,NoRank,NoRank,NoRank,NoRank,NoRank,NoRank,NoRank,0x0,0x0,0x0,0x0,TerrainAvoid,TerrainDefence,0x880c4fb,0x0
Ballista,0x0,0x0,0x6a,0x0,0x5b,0x0,0x0,0x0,0,0,0,0,0,0,0,0,0,0,0,0,0,0,0,0,0,0,0,0,0,0,0,0,0,0,0,0,0,0x0,NoRank,NoRank,NoRank,NoRank,NoRank,NoRank,NoRank,NoRank,0x0,0x0,0x0,0x0,TerrainAvoid,TerrainDefence,0x880c4fb,0x0
Long Ballista,0x0,0x0,0x6b,0x0,0x5c,0x0,0x0,0x0,0,0,0,0,0,0,0,0,0,0,0,0,0,0,0,0,0,0,0,0,0,0,0,0,0,0,0,0,0,0x0,NoRank,NoRank,NoRank,NoRank,NoRank,NoRank,NoRank,NoRank,0x0,0x0,0x0,0x0,TerrainAvoid,TerrainDefence,0x880c4fb,0x0
Arbalest,0x0,0x0,0x6c,0x0,0x5d,0x0,0x0,0x0,0,0,0,0,0,0,0,0,0,0,0,0,0,0,0,0,0,0,0,0,0,0,0,0,0,0,0,0,0,0x0,NoRank,NoRank,NoRank,NoRank,NoRank,NoRank,NoRank,NoRank,0x0,0x0,0x0,0x0,TerrainAvoid,TerrainDefence,0x880c4fb,0x0
Civilian,0x305,0x351,0x6d,0x0,0x5e,0x1,0x5e,0x0,8,1,0,0,0,0,4,5,60,15,15,15,10,10,20,0,10,0,0,0,0,10,0,0,0,0,0,0,0,0x0,NoRank,NoRank,NoRank,NoRank,NoRank,NoRank,NoRank,NoRank,0x0,InfantryMovementCost,InfantryMovementCost,InfantryMovementCost,TerrainAvoid,TerrainDefence,0x880c4fb,0x0
Civilian (F),0x305,0x351,0x6e,0x0,0x5f,0x1,0x63,0x0,7,0,0,0,0,1,3,5,60,15,15,15,10,10,20,0,10,0,0,0,0,10,0,0,0,0,0,0,0,0x0,NoRank,NoRank,NoRank,NoRank,NoRank,NoRank,NoRank,NoRank,0x0,InfantryMovementCost,InfantryMovementCost,InfantryMovementCost,TerrainAvoid,TerrainDefence,0x880c4fb,0x0
Civilian,0x305,0x351,0x6f,0x0,0x60,0x1,0x59,0x0,10,0,1,0,0,2,6,5,60,15,15,15,10,10,20,0,10,0,0,0,0,10,0,0,0,0,0,0,0,0x0,NoRank,NoRank,NoRank,NoRank,NoRank,NoRank,NoRank,NoRank,0x0,InfantryMovementCost,InfantryMovementCost,InfantryMovementCost,TerrainAvoid,TerrainDefence,0x880c4fb,0x0
Civilian (F),0x305,0x351,0x70,0x0,0x61,0x1,0x62,0x0,9,0,1,0,0,1,4,5,60,15,15,15,10,10,20,0,10,0,0,0,0,10,0,0,0,0,0,0,0,0x0,NoRank,NoRank,NoRank,NoRank,NoRank,NoRank,NoRank,NoRank,0x0,InfantryMovementCost,InfantryMovementCost,InfantryMovementCost,TerrainAvoid,TerrainDefence,0x880c4fb,0x0
Civilian,0x305,0x351,0x71,0x0,0x60,0x1,0x5c,0x0,12,3,0,0,2,0,7,5,60,15,15,15,10,10,20,0,10,0,0,0,0,10,0,0,0,0,0,0,0,0x0,NoRank,NoRank,NoRank,NoRank,NoRank,NoRank,NoRank,NoRank,0x0,InfantryMovementCost,InfantryMovementCost,InfantryMovementCost,TerrainAvoid,TerrainDefence,0x880c4fb,0x0
Pegasus Knight (A),0x2e7,PegasusKnightDesc,0x72,Falcoknight_SL,PegKnightAxeStandID,0x0,PegasusKnightAxeClassCard,0x0,20,4,7,10,0,5,7,8,60,20,20,20,15,20,20,5,60,30,45,55,20,40,50,0,0,0,0,0,0,MountedAid|HasCanto|PegIcon,NoRank,NoRank,ERank,NoRank,NoRank,NoRank,NoRank,NoRank,0x0,FlierMovementCost,FlierMovementCost,FlierMovementCost,FlierTerrainAvo,FlierTerrainDef,0x880c5be,FlierType
Dracoknight (SA),0x0,DracoknightDesc,0x73,WyvernRider_A,0x62,0x0,0x1,0x0,30,9,9,7,9,1,12,8,80,30,30,30,30,25,25,5,80,45,40,45,45,5,35,1,1,1,1,1,1,MountedAid|HasCanto|DragonIcon|IsPromoted,DRank,NoRank,DRank,NoRank,NoRank,NoRank,NoRank,NoRank,0x88af1e8,FlierMovementCost,FlierMovementCost,FlierMovementCost,FlierTerrainAvo,FlierTerrainDef,0x880c5be,DragonType|FlierType
Queen,0x307,0x353,0x74,0x0,0x63,0x1,0x1,0x0,10,0,0,0,0,0,5,5,60,15,15,15,10,10,20,0,10,0,0,0,0,10,0,0,0,0,0,0,0,0x0,NoRank,NoRank,NoRank,NoRank,NoRank,NoRank,NoRank,NoRank,0x0,0x880ba51,0x880bea2,0x880c2b2,TerrainAvoid,TerrainDefence,0x880c4fb,0x0
Prince,0x0,0x0,0x75,0x0,0x64,0x1,0x1,0x0,10,0,0,0,0,0,7,5,60,15,15,15,10,10,20,0,10,0,0,0,0,10,0,0,0,0,0,0,0,0x0,NoRank,NoRank,NoRank,NoRank,NoRank,NoRank,NoRank,NoRank,0x0,0x880ba51,0x880bea2,0x880c2b2,TerrainAvoid,TerrainDefence,0x880c4fb,0x0
Queen,0x307,0x353,0x76,0x0,0x65,0x1,0x1,0x0,10,0,0,0,0,0,6,5,60,15,15,15,10,10,20,0,10,0,0,0,0,10,0,0,0,0,0,0,0,0x0,NoRank,NoRank,NoRank,NoRank,NoRank,NoRank,NoRank,NoRank,0x0,0x880ba51,0x880bea2,0x880c2b2,TerrainAvoid,TerrainDefence,0x880c4fb,0x0
(empty),0x0,0x0,0x77,0x0,0x66,0x0,0x0,0x0,0,0,0,0,0,0,0,0,0,0,0,0,0,0,0,0,0,0,0,0,0,0,0,0,0,0,0,0,0,0x0,NoRank,NoRank,NoRank,NoRank,NoRank,NoRank,NoRank,NoRank,0x0,0x0,0x0,0x0,TerrainAvoid,TerrainDefence,0x880c4fb,0x0
Fallen Prince,0x0,0x0,0x78,0x0,0x67,0x1,0x1,0x0,10,0,0,0,0,0,25,5,60,20,20,20,20,20,20,0,10,0,0,0,0,10,0,0,0,0,0,0,0,0x0,NoRank,NoRank,NoRank,NoRank,NoRank,NoRank,NoRank,NoRank,0x0,0x880ba51,0x880bea2,0x880c2b2,TerrainAvoid,TerrainDefence,0x880c4fb,0x0
Tent,0x0,0x0,0x79,0x0,0x68,0x1,0x1,0x0,15,0,3,3,3,0,25,0,60,20,20,20,20,20,25,0,10,0,0,0,0,10,0,0,0,0,0,0,0,CannotControl|IsSupply,NoRank,NoRank,NoRank,NoRank,NoRank,NoRank,NoRank,NoRank,0x0,0x880ba51,0x880bea2,0x880c2b2,TerrainAvoid,TerrainDefence,0x880c4fb,0x0
Pontifex,0x306,0x352,0x7a,0x0,0x69,0x1,0x1,0x0,10,0,0,0,0,0,8,5,60,15,15,15,10,10,20,0,10,0,0,0,0,10,0,0,0,0,0,0,0,0x0,NoRank,NoRank,NoRank,NoRank,NoRank,NoRank,NoRank,NoRank,0x0,0x880ba51,0x880bea2,0x880c2b2,TerrainAvoid,TerrainDefence,0x880c4fb,0x0
Dead Peer,0x0,0x0,0x7b,0x0,0x6a,0x1,0x1,0x0,10,0,0,0,0,0,25,5,60,20,20,20,20,20,20,0,10,0,0,0,0,10,0,0,0,0,0,0,0,0x0,NoRank,NoRank,NoRank,NoRank,NoRank,NoRank,NoRank,NoRank,0x0,0x880ba51,0x880bea2,0x880c2b2,TerrainAvoid,TerrainDefence,0x880c4fb,0x0
Freelancer,FreelancerName,FreelancerDesc,0x7c,Champion,LancerStandID,0x0,FreelancerClassCard,0x0,26,9,7,6,3,0,12,6,60,20,20,20,15,15,20,3,80,55,45,35,30,10,35,0,0,0,0,0,0,0x0,NoRank,ERank,NoRank,NoRank,NoRank,NoRank,NoRank,NoRank,FreelancerAnims,InfantryMovementCost,InfantryMovementCost,InfantryMovementCost,TerrainAvoid,TerrainDefence,0x880c4fb,0x0
Freelancer (F),FreelancerName,FreelancerDesc,0x7d,Champion_F,LancerFStandID,0x0,FreelancerClassCard,0x0,26,9,7,6,3,0,12,6,60,20,20,20,15,15,20,3,80,55,45,35,30,10,35,0,0,0,0,0,0,0x0,NoRank,ERank,NoRank,NoRank,NoRank,NoRank,NoRank,NoRank,0x88af6bc,InfantryMovementCost,InfantryMovementCost,InfantryMovementCost,TerrainAvoid,TerrainDefence,0x880c4fb,0x0
Champion,ChampionName,ChampionDesc,0x7e,Freelancer,ChampionStandID,0x0,ChampionClassCard,0x27,31,11,9,8,6,1,13,7,80,30,30,30,25,25,25,5,80,55,45,35,30,10,35,1,1,1,1,1,0,IsPromoted,DRank,DRank,NoRank,NoRank,NoRank,NoRank,NoRank,NoRank,ChampionAnims,InfantryMovementCost,InfantryMovementCost,InfantryMovementCost,TerrainAvoid,TerrainDefence,0x880c4fb,0x0
Champion (F),ChampionName,ChampionDesc,0x7f,Freelancer_F,ChampionFStandID,0x0,ChampionClassCard,0x29,31,11,9,8,6,1,13,7,80,30,30,30,25,25,25,5,80,55,45,35,30,10,35,1,1,1,1,1,0,IsPromoted,DRank,DRank,NoRank,NoRank,NoRank,NoRank,NoRank,NoRank,0x88af6e0,InfantryMovementCost,InfantryMovementCost,InfantryMovementCost,TerrainAvoid,TerrainDefence,0x880c4fb,0x0
Brigand (F),0x2de,BrigandDesc,0x80,Berserker,BrigandFStandID,0x0,0x8b,0x0,27,9,5,6,2,0,13,6,60,20,20,20,15,15,20,2,85,60,35,40,25,10,30,0,0,0,0,0,0,0x0,NoRank,NoRank,ERank,NoRank,NoRank,NoRank,NoRank,NoRank,0x0,BrigandMovementCost,BrigandMovementCost,BrigandMovementCost,TerrainAvoid,TerrainDefence,0x880c4fb,0x0
0x81,0x0,0x0,0x81,0x0,SoldierStandID,0x0,0x8b,0x0,0,0,0,0,0,0,0,0,0,0,0,0,0,0,0,0,0,0,0,0,0,0,0,0,0,0,0,0,0,0x0,NoRank,NoRank,NoRank,NoRank,NoRank,NoRank,NoRank,NoRank,0x0,InfantryMovementCost,InfantryMovementCost,InfantryMovementCost,TerrainAvoid,TerrainDefence,0x880c4fb,0x0
0x82,0x0,0x0,0x82,0x0,SoldierStandID,0x0,0x8b,0x0,0,0,0,0,0,0,0,0,0,0,0,0,0,0,0,0,0,0,0,0,0,0,0,0,0,0,0,0,0,0x0,NoRank,NoRank,NoRank,NoRank,NoRank,NoRank,NoRank,NoRank,0x0,InfantryMovementCost,InfantryMovementCost,InfantryMovementCost,TerrainAvoid,TerrainDefence,0x880c4fb,0x0
0x83,0x0,0x0,0x83,0x0,SoldierStandID,0x0,0x8b,0x0,0,0,0,0,0,0,0,0,0,0,0,0,0,0,0,0,0,0,0,0,0,0,0,0,0,0,0,0,0,0x0,NoRank,NoRank,NoRank,NoRank,NoRank,NoRank,NoRank,NoRank,0x0,InfantryMovementCost,InfantryMovementCost,InfantryMovementCost,TerrainAvoid,TerrainDefence,0x880c4fb,0x0
0x84,0x0,0x0,0x84,0x0,SoldierStandID,0x0,0x8b,0x0,0,0,0,0,0,0,0,0,0,0,0,0,0,0,0,0,0,0,0,0,0,0,0,0,0,0,0,0,0,0x0,NoRank,NoRank,NoRank,NoRank,NoRank,NoRank,NoRank,NoRank,0x0,InfantryMovementCost,InfantryMovementCost,InfantryMovementCost,TerrainAvoid,TerrainDefence,0x880c4fb,0x0
Dracoknight (SA),DracoknightName,DracoknightDesc,0x85,WyvernRider_S,DracoknightSwordStandID,0x0,DracoknightSwordClassCard,0xe,31,10,9,7,9,1,12,8,80,30,30,30,30,25,25,5,75,45,40,45,40,5,35,1,1,1,1,1,1,MountedAid|HasCanto|DragonIcon|IsPromoted,DRank,NoRank,DRank,NoRank,NoRank,NoRank,NoRank,NoRank,0x88af1e8,FlierMovementCost,FlierMovementCost,FlierMovementCost,FlierTerrainAvo,FlierTerrainDef,0x880c5be,DragonType|FlierType
0x86,0x0,0x0,0x86,0x0,SoldierStandID,0x0,0x8b,0x0,0,0,0,0,0,0,0,0,0,0,0,0,0,0,0,0,0,0,0,0,0,0,0,0,0,0,0,0,0,0x0,NoRank,NoRank,NoRank,NoRank,NoRank,NoRank,NoRank,NoRank,0x0,InfantryMovementCost,InfantryMovementCost,InfantryMovementCost,TerrainAvoid,TerrainDefence,0x880c4fb,0x0
Wyvern Knight (A),0x2d0,WyvernKnightDesc,0x87,WyvernRider_A,WyvernKnightAxeStandID,0x0,WyvernKnightAxeClassCard,0x0,28,8,10,10,6,0,10,9,80,30,30,30,30,25,25,5,70,45,45,55,35,5,35,1,1,1,1,1,1,IsPromoted|MountedAid|HasCanto|DragonIcon,NoRank,NoRank,DRankPlus,NoRank,NoRank,NoRank,NoRank,NoRank,0x0,FlierMovementCost,FlierMovementCost,FlierMovementCost,TerrainAvoid,TerrainDefence,0x880c4fb,DragonType|FlierType
Fighter (F),0x0,0x0,0x88,0x0,FighterFStandID,0x0,0x8b,0x0,0,0,0,0,0,0,0,0,0,0,0,0,0,0,0,0,0,0,0,0,0,0,0,0,0,0,0,0,0,0x0,NoRank,NoRank,NoRank,NoRank,NoRank,NoRank,NoRank,NoRank,0x0,InfantryMovementCost,InfantryMovementCost,InfantryMovementCost,TerrainAvoid,TerrainDefence,0x880c4fb,0x0
0x89,0x0,0x0,0x89,0x0,SoldierStandID,0x0,0x8b,0x0,0,0,0,0,0,0,0,0,0,0,0,0,0,0,0,0,0,0,0,0,0,0,0,0,0,0,0,0,0,0x0,NoRank,NoRank,NoRank,NoRank,NoRank,NoRank,NoRank,NoRank,0x0,InfantryMovementCost,InfantryMovementCost,InfantryMovementCost,TerrainAvoid,TerrainDefence,0x880c4fb,0x0
War Monk,WarMonkName,WarMonkClericDesc,0x8a,Priest,WarMonkStandID,0x0,WarMonkClassCard,0x0,26,8,11,8,4,5,9,7,80,25,30,30,25,30,25,8,65,45,35,40,20,25,50,1,1,1,1,1,1,IsPromoted,NoRank,NoRank,DRank,NoRank,DRankPlus,NoRank,NoRank,NoRank,0x0,InfantryMovementCost,InfantryMovementCost,InfantryMovementCost,TerrainAvoid,TerrainDefence,0x880c4fb,0x0
War Cleric,WarClericName,WarMonkClericDesc,0x8b,Cleric,WarClericStandID,0x0,WarMonkClassCard,0x0,24,8,11,8,4,5,9,7,80,25,30,30,25,30,25,8,65,45,35,40,20,25,50,1,1,1,1,1,1,IsPromoted,NoRank,NoRank,DRank,NoRank,DRankPlus,NoRank,NoRank,NoRank,0x0,InfantryMovementCost,InfantryMovementCost,InfantryMovementCost,TerrainAvoid,TerrainDefence,0x880c4fb,0x0
Spellblade,SpellbladeName,SpellbladeDesc,0x8c,0x0,SpellbladeStandID,0x0,SpellswordClassCard,0x0,24,7,11,10,3,4,8,7,80,25,30,30,25,30,25,6,55,35,55,45,15,20,35,1,1,1,1,1,1,IsPromoted,DRank,NoRank,NoRank,NoRank,NoRank,DRankPlus,NoRank,NoRank,0x0,InfantryMovementCost,InfantryMovementCost,InfantryMovementCost,TerrainAvoid,TerrainDefence,0x880c4fb,0x0
Spellblade (F),SpellbladeName,SpellbladeDesc,0x8d,0x0,SpellbladeFStandID,0x0,SpellswordClassCard,0x0,26,7,11,10,3,4,8,7,80,25,30,30,25,30,25,6,55,35,55,45,15,20,35,1,1,1,1,1,1,IsPromoted,DRank,NoRank,NoRank,NoRank,NoRank,DRankPlus,NoRank,NoRank,0x0,InfantryMovementCost,InfantryMovementCost,InfantryMovementCost,TerrainAvoid,TerrainDefence,0x880c4fb,0x0
Halberdier,HalberdierName,HalberdierDesc,0x8e,Soldier,HalberdierStandID,0x0,HalberdierClassCard,0x0,27,8,11,10,7,3,10,7,80,30,30,30,25,25,30,6,70,45,55,45,30,20,40,1,1,1,1,1,1,IsPromoted,NoRank,DRank,DRank,NoRank,NoRank,NoRank,NoRank,NoRank,0x0,InfantryMovementCost,InfantryMovementCost,InfantryMovementCost,TerrainAvoid,TerrainDefence,0x880c4fb,0x0
Rogue,0x2db,0x326,0x8f,0x0,RogueFStandID,0x0,0x94,0x0,22,7,12,11,3,2,6,8,80,25,30,30,25,25,25,8,55,25,60,60,15,15,50,1,1,1,1,1,1,IsPromoted|CanUseLockpick|Steal,DRank,NoRank,NoRank,NoRank,NoRank,NoRank,NoRank,NoRank,0x88af360,ThiefMovementCost,ThiefMovementCost,ThiefMovementCost,TerrainAvoid,TerrainDefence,0x880c4fb,0x0
